Month,Actual_return,Equal_weight_return,SP500_return,AAPL,AMZN,BA,BAC,BLK,CAT,CL,COP,D,DIS,GE,JNJ,JPM,KO,MCD,MMM,MSFT,NKE,NOC,NVDA,OXY,PFE,PG,SO,SPG,T,TSM,UNH,UPS,VMC,XOM
2007-01-31,0.0125,0.0062,0.01,0.00105,-0.00454,0.0,-0.0,0.0,0.00496,0.0,-0.0,-0.0,0.00263,-0.0,0.0,0.00615,-0.0,5.0e-5,-0.0,0.0,-0.0,0.0,-0.01718,-0.0,0.0,0.0,-0.0,0.0,0.00625,-0.00018,-0.0,-0.0,0.01332,-0.0
2007-02-28,0.0117,-0.0067,-0.02,-0.00131,0.0039,-0.0,-0.0,-0.0,0.00056,-0.0,-0.0,0.0,-0.00262,-0.0,-0.0,-0.00302,-0.0,-0.00149,0.0,-0.0,0.0,0.0,0.00114,-0.0,-0.0,-0.0,-0.0,-0.0,-0.00221,0.00174,-0.0,-0.0,0.01499,-0.0
2007-03-30,0.0138,0.015,0.01,0.00981,0.00166,0.0,0.0,-0.0,0.00404,-0.0,0.0,0.0,0.00053,0.0,-0.0,-0.00204,0.0,0.00311,0.0,-0.0,0.0,0.0,-0.00716,0.0,0.0,-0.0,0.0,-0.0,0.00715,-0.00315,0.0,-0.0,-0.00015,0.0
2007-04-30,0.1051,0.0548,0.04,0.00742,0.05413,0.0,-0.0,-0.0,0.00879,0.0,0.0,0.0,0.0016,0.0,0.0,0.00839,0.0,0.00717,0.0,0.0,0.0,-0.0,0.01428,0.0,0.0,0.0,0.0,0.0,-0.0009,-0.00195,0.0,0.0,0.00617,0.0
2007-05-31,0.0606,0.0376,0.03,0.02143,0.01273,0.0,0.0,0.0,0.00821,-0.0,0.0,-0.0,0.00132,0.0,-0.0,-0.00052,0.0,0.0047,0.0,0.0,0.0,0.0,0.00532,0.0,0.0,-0.0,-0.0,-0.0,0.00677,0.00351,0.0,0.0,-0.00285,0.0
2007-06-29,0.0129,-0.008,-0.02,0.0007,-0.00106,-0.0,-0.0,0.0,-0.00036,-0.0,0.0,-0.0,-0.00231,0.0,-0.0,-0.00652,-0.0,0.00042,-0.0,-0.0,0.0,0.0,0.01926,0.0,-0.0,-0.0,-0.0,-0.0,0.00039,0.00664,-0.0,0.0,-0.0043,0.0
2007-07-31,-0.0128,-0.0084,-0.03,0.00796,0.01481,0.0,-0.0,0.0,0.0011,0.0,0.0,-0.0,-0.00334,0.0,-0.0,-0.00838,-0.0,-0.00569,0.0,-0.0,-0.0,-0.0,0.01077,-0.0,-0.0,0.0,-0.0,-0.0,-0.00478,-0.0088,-0.0,0.0,-0.01643,0.0
2007-08-31,0.0147,0.0206,0.01,0.0051,0.00174,-0.0,0.0,-0.0,-0.00385,0.0,0.0,0.0,0.00182,0.0,0.0,0.00116,0.0,0.00288,0.0,-0.0,-0.0,0.0,0.0118,-0.0,0.0,0.0,0.0,0.0,0.00181,-0.00227,0.0,0.0,-0.00548,0.0
2007-09-28,0.0602,0.0503,0.04,0.01082,0.01657,0.0,0.0,0.0,0.00351,0.0,0.0,-0.0,0.00235,0.0,0.0,0.00292,0.0,0.0106,0.0,0.0,0.0,-0.0,0.00625,0.0,-0.0,0.0,0.0,0.0,0.00612,0.00202,-0.0,-0.0,-0.00096,0.0
2007-10-31,0.0273,0.0347,0.01,0.02377,-0.00429,-0.0,-0.0,0.0,-0.00441,0.0,-0.0,0.0,0.0007,-0.0,-0.0,0.0034,0.0,0.00969,-0.0,0.0,0.0,0.0,-0.00237,0.0,0.0,-0.0,0.0,0.0,-0.00039,0.00524,0.0,0.0,-0.00408,-0.0
2007-11-30,-0.0349,-0.017,-0.04,-0.00407,0.00158,-0.0,-0.0,-0.0,-0.00363,0.0,-0.0,0.0,-0.00427,-0.0,0.0,-0.00294,0.0,0.00037,-0.0,-0.0,-0.0,-0.0,-0.01085,0.0,-0.0,0.0,0.0,-0.0,-0.00857,-0.00685,0.0,-0.0,0.00439,-0.0
2007-12-31,0.0129,0.0063,-0.01,0.0087,0.0023,-0.0,-0.0,0.0,0.00092,-0.0,0.0,0.0,-0.00157,-0.0,-0.0,-0.00432,-0.0,0.00075,0.0,0.0,-0.0,-0.0,0.00786,0.0,-0.0,-0.0,0.0,-0.0,0.00877,0.0004,0.0,-0.0,-0.01093,0.0
2008-01-31,-0.0963,-0.0599,-0.06,-0.03166,-0.01613,-0.00489,0.0,0.0,-0.00167,-0.0,-0.0,-0.0,-0.0,-0.0,-0.0,0.00946,-0.0,-0.00905,-0.0,-0.0,-0.0,0.0,-0.02772,-0.0,0.0,-0.0,-0.0,0.0,-0.00642,-0.00713,-0.0,0.0,-0.00106,-0.0
2008-02-29,-0.0623,-0.037,-0.03,-0.00764,-0.01703,1.0e-5,-0.0,-0.0,0.00189,-0.0,0.0,-0.0,0.0,-0.0,-0.0,-0.01424,-0.0,0.00169,-0.0,-0.0,-0.0,-0.0,-0.01301,0.0,-0.0,0.0,-0.0,-0.0,-0.00951,0.0053,-0.0,-0.0,-0.00979,0.0
2008-03-31,0.0348,0.0175,-0.01,0.01478,0.01059,-0.01017,-0.0,0.0,0.00824,0.0,-0.0,0.0,-0.0,0.0,0.0,0.00566,0.0,0.00307,0.0,0.0,0.0,-0.0,-0.00748,-0.0,-0.0,0.0,0.0,0.0,0.00996,0.00544,-0.0,0.0,-0.00528,-0.0
2008-04-30,0.0884,0.0327,0.05,0.02122,0.01028,0.01411,-0.0,-0.0,0.00505,-0.0,0.0,0.0,0.0,-0.0,0.0,0.01183,-0.0,0.00683,-0.0,0.0,-0.0,-0.0,0.00384,0.0,-0.0,-0.0,0.0,0.0,0.00211,0.00945,-0.0,-0.0,0.00364,0.0
2008-05-30,0.0387,0.0222,0.01,0.00851,0.0038,-0.00199,-0.0,0.0,0.00093,0.0,0.0,0.0,0.0,-0.0,0.0,-0.00976,-0.0,-0.00044,0.0,-0.0,0.0,0.0,0.02019,0.0,-0.0,-0.0,-0.0,0.0,0.00307,0.00187,0.0,-0.0,0.0125,-0.0
2008-06-30,-0.1443,-0.108,-0.09,-0.01129,-0.01016,-0.0206,-0.0,-0.0,-0.01067,-0.0,0.0,0.0,-0.0,-0.0,-0.0,-0.02021,-0.0,-0.00459,-0.0,-0.0,-0.0,-0.0,-0.02421,-0.0,-0.0,-0.0,-0.0,-0.0,-0.01556,-0.00472,-0.0,-0.0,-0.02229,-0.0
2008-07-31,-0.0342,0.0084,-0.01,-0.00507,0.0041,-0.00701,0.0,0.0,-0.00526,0.0,-0.0,-0.0,-0.0,0.0,0.0,0.01953,-0.0,0.00635,0.0,-0.0,-0.0,0.0,-0.03889,-0.0,0.0,0.0,0.0,0.0,-0.00736,-0.008,0.0,0.0,0.00738,-0.0
2008-08-29,0.0551,0.0356,0.01,0.00666,0.00586,0.00794,-0.0,0.0,0.00174,0.0,0.0,-0.0,0.0,-0.0,0.0,-0.00527,0.0,0.00432,0.0,0.0,0.0,0.0,0.01049,0.0,0.0,0.0,0.0,0.0,0.00383,0.00221,0.0,0.0,0.01735,-0.0
2008-09-30,-0.0823,-0.0471,-0.09,-0.03296,-0.00996,-0.01252,0.0,-0.0,-0.01574,-0.0,-0.0,-0.0,-0.0,-0.0,-0.0,0.02133,0.0,-0.00048,-0.0,-0.0,0.0,-0.0,-0.01527,-0.0,-0.0,-0.0,0.0,0.0,-0.01272,-0.0035,-0.0,-0.0,-0.00045,-0.0
2008-10-31,-0.1473,-0.1594,-0.17,-0.00534,-0.02133,-0.0086,-0.0,-0.0,-0.0352,-0.0,-0.0,-0.0,-0.0,-0.0,-0.0,-0.01086,-0.0,-0.00611,-0.0,-0.0,-0.0,-0.0,-0.01821,-0.0,-0.0,-0.0,-0.0,-0.0,-0.00269,-0.01185,-0.0,-0.0,-0.02714,-0.0
2008-11-28,-0.0809,-0.0577,-0.07,-0.01387,-0.0254,-0.01791,-0.0,-0.0,0.0073,0.0,0.0,0.0,-0.0,-0.0,-0.0,-0.02325,0.0,0.00228,0.0,-0.0,-0.0,-0.0,-0.01473,-0.0,-0.0,-0.0,0.0,-0.0,0.00669,-0.01344,-0.0,0.0,0.0114,0.0
2008-12-31,0.061,0.0306,0.01,-0.0079,0.02009,9.0e-5,-0.0,0.0,0.00898,0.0,-0.0,-0.0,0.0,-0.0,0.0,-0.00041,-0.0,0.00586,-0.0,-0.0,-0.0,0.0,0.00803,0.0,0.0,-0.0,0.0,0.0,-0.00021,0.01049,0.0,-0.0,0.01601,-0.0
2009-01-30,-0.0866,-0.1037,-0.09,0.0,0.0,-0.0,-0.0,-0.0,-0.0,-0.00452,-0.0,-0.00184,-0.0,-0.0,-0.00358,-0.0,-0.00563,-0.0,-0.00652,-0.0,-0.0,0.0,-0.0,-0.0,-0.01767,-0.01119,-0.00846,-0.0,-0.0,-0.0,0.0,-0.02297,-0.0,-0.0042
2009-02-27,-0.099,-0.1217,-0.11,-0.0,0.0,-0.0,-0.0,-0.0,-0.0,-0.00747,-0.0,-0.01297,-0.0,-0.0,-0.01253,-0.0,-0.00438,-0.0,-0.01454,-0.0,-0.0,-0.0,0.0,-0.0,-0.01337,-0.01161,-0.00939,-0.0,-0.0,0.0,-0.0,-0.00202,-0.0,-0.0107
2009-03-31,0.0531,0.1244,0.09,0.0,0.0,0.0,0.0,0.0,0.0,-0.00199,0.0,0.00268,0.0,0.0,0.0052,0.0,0.00859,0.0,0.00937,0.0,0.0,0.0,0.0,0.0,0.01064,-0.00224,0.00102,0.0,0.0,0.0,0.0,0.01952,0.0,0.00029
2009-04-30,0.0154,0.1106,0.09,0.0,0.0,0.0,0.0,0.0,0.0,0.00078,0.0,-0.00268,0.0,0.0,-0.00046,0.0,-0.00205,-0.0,0.01585,0.0,0.0,0.0,0.0,0.0,-0.00191,0.00592,-0.00425,0.0,0.0,0.0,0.0,0.00634,0.0,-0.0021
2009-05-29,0.0607,0.0645,0.05,0.0,-0.0,0.0,0.0,0.0,-0.0,0.01178,0.0,0.00686,0.0,0.0,0.00628,0.0,0.01419,0.0,2.0e-5,0.0,0.0,-0.0,-0.0,0.0,0.0149,0.00506,-0.00163,0.0,-0.0,0.0,0.0,-0.00143,-0.0,0.00465
2009-06-30,0.0244,0.0,0.0,0.0,0.0,-0.0,0.0,0.0,-0.0,0.00726,-0.0,0.00513,-0.0,-0.0,0.00297,-0.0,-0.00155,-0.0,0.00525,0.0,-0.0,-0.0,0.0,-0.0,-0.00125,-0.00162,0.00968,-0.0,0.0,-0.0,-0.0,-0.00225,-0.0,0.00081
2009-07-31,0.0586,0.0813,0.07,0.0,0.0,0.0,0.0,0.0,0.0,0.00303,0.0,0.00114,0.0,0.0,0.0072,0.0,0.00386,-0.0,0.01734,-0.0,0.0,-0.0,0.0,0.0,0.0062,0.00949,0.00217,0.0,0.0,0.0,0.0,0.00748,0.0,0.00069
2009-08-31,0.0023,0.0388,0.03,0.0,-0.0,0.0,0.0,0.0,0.0,0.00036,0.0,-0.00084,0.0,0.0,7.0e-5,0.0,-0.00215,0.0,0.00296,0.0,-0.0,0.0,0.0,0.0,0.00584,-0.00252,-0.00064,0.0,-0.0,0.0,-0.0,0.00034,0.0,-0.00116
2009-09-30,0.0358,0.0537,0.04,0.0,0.0,0.0,-0.0,0.0,0.0,0.00492,0.0,0.00429,0.0,0.0,0.00074,0.0,0.01095,0.0,0.00236,0.0,0.0,0.0,0.0,0.0,-0.0009,0.00704,0.00151,0.0,0.0,0.0,-0.0,0.00563,0.0,-0.00078
2009-10-30,0.0016,-0.0138,-0.02,0.0,0.0,-0.0,-0.0,-0.0,0.0,0.00366,0.0,-0.00119,-0.0,-0.0,-0.00302,-0.0,-0.00073,0.0,-0.00031,0.0,-0.0,-0.0,-0.0,-0.0,0.0029,0.0009,-0.00013,-0.0,-0.0,-0.0,0.0,-0.00494,-0.0,0.00446
2009-11-30,0.0676,0.0742,0.06,0.0,0.0,0.0,0.0,0.0,0.0,0.00707,0.0,0.008,0.0,0.0,0.00725,0.0,0.00807,0.0,0.00595,0.0,0.0,0.0,0.0,0.0,0.00763,0.0075,0.00289,0.0,0.0,0.0,0.0,0.0079,0.0,0.00533
2009-12-31,0.0053,0.0313,0.02,0.0,-0.0,0.0,-0.0,0.0,-0.0,-0.00242,-0.0,0.00698,0.0,-0.0,0.0025,-0.0,-0.00035,-0.0,0.00675,0.0,0.0,0.0,0.0,0.0,0.00011,-0.00276,0.00383,0.0,0.0,0.0,0.0,-0.00017,0.0,-0.00916
2010-01-29,-0.0449,-0.0384,-0.04,-0.0054,-0.00251,0.00905,0.00038,-0.00514,-0.00641,-0.0,-0.0037,-0.0,-0.00611,0.00464,-0.0,-0.00129,-0.0,-0.0,-1.0e-5,-0.00302,-0.0,0.00059,-0.00722,-0.00224,0.00022,0.0,-0.0,-0.00733,-0.00214,-0.00223,0.0025,0.0,-0.00758,-0.0
2010-02-26,0.0403,0.0259,0.03,0.00398,-0.00207,0.00372,0.00459,0.00151,0.00777,0.0,0.00064,0.0,0.00417,0.00037,0.0,0.00156,-0.0,0.00023,0.0,0.00088,0.0,0.00398,0.00216,0.00117,-0.00043,0.0,-0.0,0.00718,-0.00058,-0.0008,0.00079,2.0e-5,-0.00056,0.0
2010-03-31,0.0837,0.0644,0.06,0.00904,0.00543,0.01133,0.00339,-1.0e-5,0.00858,0.0,0.00407,0.0,0.00858,0.00985,0.0,0.00132,0.0,0.00032,1.0e-5,0.00086,0.0,0.00312,0.00304,0.00381,-0.0002,-0.0,0.0,0.00537,0.0011,0.00151,-0.00106,7.0e-5,0.00416,0.0
2010-04-30,0.0356,0.024,0.01,0.00676,0.00036,-0.00019,-5.0e-5,-0.01006,0.0076,-0.0,0.00965,0.0,0.00404,0.00268,-0.0,-0.00095,-0.0,0.00042,2.0e-5,0.0017,0.0,0.00153,-0.00398,0.00295,-0.00022,-0.0,0.0,0.00458,0.00066,0.00019,-0.00215,5.0e-5,0.01001,0.0
2010-05-28,-0.093,-0.0818,-0.08,-0.00098,-0.00314,-0.00818,-0.00552,-0.00569,-0.00909,-0.0,-0.00706,-0.0,-0.00678,-0.00984,-0.0,-0.00141,-0.0,-0.00032,-3.0e-5,-0.00603,-0.0,-0.00449,-0.00671,-0.0042,-0.00067,-0.0,-0.0,-0.00286,-0.0018,-0.00158,-0.00124,-6.0e-5,-0.00539,-0.0
2010-06-30,-0.072,-0.0548,-0.05,-0.00127,-0.00478,-0.00169,-0.00407,-0.00908,-0.00096,0.0,-0.00329,-0.0,-0.00419,-0.00827,0.0,-0.0015,-0.0,-0.00011,-0.0,-0.00433,-0.0,-0.00443,-0.00914,-0.00366,-0.00055,-0.0,0.0,-0.00378,-0.00012,2.0e-5,-0.00057,-7.0e-5,-0.0062,-0.0
2010-07-30,0.0759,0.0677,0.07,0.00138,0.00292,0.0065,-0.00108,0.00638,0.01422,0.0,0.00838,0.0,0.00508,0.00871,-0.0,0.00203,0.0,0.00042,2.0e-5,0.00487,0.0,0.00342,-0.0041,0.00061,0.00045,0.0,0.0,0.00787,0.00239,0.00164,0.00218,0.0001,0.00152,0.0
2010-08-31,-0.0551,-0.033,-0.05,-0.00335,0.00218,-0.00732,-0.0053,-0.00599,-0.00555,-0.0,-0.00311,0.0,-0.00249,-0.00752,-0.0,-0.00195,0.0,0.0004,-2.0e-5,-0.00343,-0.0,-0.00306,0.0006,-0.00377,0.00062,-0.0,0.0,0.00154,0.00112,-0.00138,0.00126,-1.0e-5,-0.00857,-0.0
2010-09-30,0.1086,0.0871,0.09,0.01018,0.00955,0.0067,0.00247,0.01294,0.01751,0.0,0.00587,0.0,0.00126,0.00965,0.0,0.00094,0.0,0.00014,3.0e-5,0.00175,0.0,0.00533,0.01036,0.00464,0.00068,0.0,0.0,0.0019,0.00155,0.00157,0.00335,3.0e-5,0.00021,0.0
2010-10-29,0.0252,0.0252,0.04,0.0037,0.00192,0.00466,-0.00594,0.00028,0.00039,0.0,0.00269,-0.0,0.00667,-0.00105,0.0,-0.0002,0.0,0.00032,-1.0e-5,0.00355,0.0,0.00189,0.00119,0.00026,0.00012,0.0,0.0,0.00265,0.00032,0.00151,0.00081,1.0e-5,-0.00052,0.0
2010-11-30,0.0162,0.0112,0.0,0.00206,0.00228,-0.00691,-0.00205,-0.00303,0.00644,-0.0,0.00081,-0.0,0.00078,-0.00088,-0.0,-0.00012,0.0,0.00011,0.0,-0.00187,0.0,-0.00075,0.00542,0.00735,-0.00046,-0.0,-0.0,0.00256,-0.00068,-0.00029,0.00039,3.0e-5,0.00498,0.0
2010-12-31,0.0912,0.0693,0.07,0.00223,0.00097,0.00177,0.01032,0.01138,0.00904,0.0,0.00812,0.0,0.0028,0.01214,0.0,0.00268,0.0,-0.00014,1.0e-5,0.0042,-0.0,0.00223,0.0054,0.00709,0.00064,0.0,0.0,0.00075,0.00152,0.00331,-0.00024,2.0e-5,0.00498,0.0
2011-01-31,0.0508,0.0347,0.02,0.00285,-0.00174,0.00442,0.00096,0.00215,0.00288,-0.0,0.00377,0.0001,0.00275,0.0068,-0.00064,0.00186,-0.00079,-0.0,0.00026,-0.00039,-0.0001,0.00398,0.0187,-0.00065,0.00029,-0.0,-0.0,0.00097,-0.00113,0.00157,0.00341,-7.0e-5,-0.00149,2.0e-5
2011-02-28,0.0413,0.0373,0.03,0.00225,0.00065,0.0029,0.00135,0.00166,0.00434,0.0,0.00756,0.00025,0.00951,0.00307,0.0007,0.0012,0.0003,0.0,0.00077,-0.00207,0.00022,-0.00177,-0.00178,0.00246,0.00048,-0.0,0.0,0.00454,0.00073,-0.00222,0.00093,0.0002,0.00305,1.0e-5
2011-03-31,-0.0,-0.0036,0.0,-0.00073,0.0012,0.00182,-0.00219,-0.00043,0.00582,0.0,0.00195,-5.0e-5,-0.00113,-0.00279,-0.00067,-0.00039,0.0008,0.0,0.00019,-0.00261,-0.00041,0.00252,-0.00626,0.00132,0.00039,-0.0,0.0,-0.00129,0.00183,-0.00033,0.00161,4.0e-5,-0.0002,-0.0
2011-04-29,0.0302,0.0377,0.03,0.00026,0.00264,0.00541,-0.0026,-0.00139,0.00288,0.0,-0.00093,0.0002,2.0e-5,0.00134,0.00206,-0.00015,0.0003,0.0,0.00056,0.00122,0.00024,0.00082,0.00282,0.00422,0.00023,0.0,0.0,0.00338,0.00072,0.00403,0.00222,5.0e-5,-0.00032,1.0e-5
2011-05-31,-0.0205,-0.0062,-0.01,-0.00036,0.00014,-0.00114,-0.00142,0.00271,-0.00593,0.0,-0.00485,0.0002,-0.00259,-0.00266,0.00062,-0.00161,-0.00017,0.0,-0.00033,-0.00169,7.0e-5,0.00196,7.0e-5,-0.00254,0.00023,0.0,0.0,0.00185,0.00033,0.00044,-0.00014,-7.0e-5,-0.00362,-1.0e-5
2011-06-30,-0.0209,-0.0151,-0.02,-0.00192,0.0012,-0.00359,-0.00219,-0.00332,0.00044,-0.0,0.00206,6.0e-5,-0.00472,-0.00216,-0.00022,-0.00163,0.00025,0.0,7.0e-5,0.00231,0.00019,0.00355,-0.00692,-0.0014,-0.00028,-0.0,0.0,-0.00076,-0.00011,-0.00144,0.00142,-4.0e-5,-0.00178,-1.0e-5
2011-07-29,-0.0294,-0.0277,-0.02,0.00896,0.00267,-0.0032,-0.00376,-0.00384,-0.00482,-0.0,-0.00258,2.0e-5,-0.00082,-0.00338,-0.00049,-0.00018,0.00019,0.0,-0.00114,0.00314,1.0e-5,-0.00728,-0.00446,-0.00253,-0.00047,-0.0,-0.0,0.00181,-0.00128,-0.00074,-0.00094,-0.00026,-0.00404,-0.0
2011-08-31,-0.0561,-0.0316,-0.06,-0.00079,-0.00099,-0.0031,-0.0052,-0.00382,-0.00561,0.0,-0.00416,8.0e-5,-0.00896,-0.006,0.00046,-0.00219,0.00064,0.0,-0.00058,-0.00136,-0.00011,-0.00509,-0.00127,-0.00524,-3.0e-5,0.0,0.0,-0.0009,-0.00062,-0.00117,-0.00106,-0.0001,0.00106,-1.0e-5
2011-09-30,-0.0912,-0.0682,-0.07,-0.0005,0.00014,-0.0065,-0.00828,-0.00561,-0.01343,-0.0,-0.00533,0.00022,-0.00869,-0.00387,-0.00061,-0.00608,-0.00061,-0.0,-0.00189,-0.00375,-3.0e-5,-0.00256,-0.00203,-0.00767,-0.00049,-0.0,0.0,-0.00314,3.0e-5,-0.00168,-0.00065,-0.00033,-0.00783,-0.0
2011-10-31,0.1211,0.0951,0.11,0.00338,-0.00038,0.00597,0.00383,0.00365,0.02033,0.0,0.00843,8.0e-5,0.01188,0.00658,0.00021,0.00498,0.0002,0.0,0.00141,0.00408,0.00035,0.00611,0.00619,0.01349,0.00063,0.0,0.0,0.00824,0.001,0.00387,0.00101,0.00058,0.00497,2.0e-5
2011-11-30,0.0007,0.0029,-0.01,-0.00306,-0.00301,0.00345,-0.00667,0.00499,0.00258,0.0,0.00183,5.0e-5,0.00211,-0.00322,0.00026,-0.00335,-0.00016,0.0,0.00046,-0.00186,-0.0,-0.00018,0.0019,0.00289,0.00037,0.0,0.0,-0.00122,-0.00026,0.00088,0.0004,0.00015,0.00136,1.0e-5
2011-12-30,0.0306,0.0298,0.01,0.00328,-0.00302,0.00464,0.00073,0.00243,-0.0053,0.0,0.00166,0.00015,0.00476,0.00917,0.00025,0.00226,0.00073,0.0,0.00012,0.00087,2.0e-5,0.00141,-0.00383,-0.00216,0.00056,0.0,0.0,0.0019,0.00101,-3.0e-5,0.00106,0.0001,0.00782,1.0e-5
2012-01-31,-0.0211,0.046,0.04,0.0,0.0,0.0,0.0,0.0,0.0,-0.00118,-0.0,-0.00573,0.0,0.0,0.0005,0.0,-0.00349,-0.00128,0.0,0.0,0.0,-0.0,0.0,0.0,-0.00111,-0.00471,-0.00158,0.0,-0.00129,0.0,0.0,0.0,0.0,-0.0012
2012-02-29,0.0215,0.0418,0.04,0.0,-0.0,0.0,0.0,0.0,0.0,0.00271,0.0,0.00191,0.0,0.0,-0.00039,0.0,0.00345,0.00094,0.0,0.0,0.0,0.0,0.0,0.0,-0.00026,0.00727,-0.00197,0.0,0.00401,0.0,0.0,0.0,0.0,0.00386
2012-03-30,0.0239,0.0351,0.03,0.0,0.0,-0.0,0.0,0.0,-0.0,0.00494,-0.0,0.00147,0.0,0.0,0.00135,0.0,0.00667,-0.00119,0.0,0.0,0.0,0.0,0.0,-0.0,0.0072,-0.00061,0.00167,0.0,0.00209,0.0,0.0,0.0,-0.0,0.00027
2012-04-30,0.0101,-0.0089,-0.01,-0.0,0.0,0.0,-0.0,-0.0,-0.0,0.00182,-0.0,0.00191,-0.0,-0.0,-0.0013,-0.0,0.00312,-0.00066,0.0,-0.0,0.0,0.0,-0.0,-0.0,0.00113,-0.00448,0.00225,0.0,0.00679,0.0,-0.0,-0.0,0.0,-0.00045
2012-05-31,-0.0218,-0.0575,-0.06,-0.0,-0.0,-0.0,-0.0,-0.0,-0.0,-0.00065,-0.0,0.00076,0.0,-0.0,-0.00316,-0.0,-0.00208,-0.0076,-0.0,-0.0,-0.0,-0.0,-0.0,-0.0,-0.00354,-0.00212,0.001,-0.0,0.00383,-0.0,-0.0,-0.0,-0.0,-0.00827
2012-06-29,0.0398,0.0475,0.04,0.0,0.0,0.0,0.0,0.0,-0.0,0.0059,0.0,0.00373,0.0,0.0,0.00822,0.0,0.00531,-0.00091,0.0,0.0,-0.0,0.0,0.0,0.0,0.00517,-0.00167,0.00085,0.0,0.00436,0.0,0.0,0.0,0.0,0.00883
2012-07-31,0.0349,0.0088,0.01,0.0,0.0,-0.0,-0.0,0.0,-0.0,0.00373,-0.0,0.00057,0.0,-0.0,0.00246,0.0,0.00334,0.00094,0.0,-0.0,0.0,0.0,-0.0,0.0,0.00452,0.00629,0.004,0.0,0.00757,0.0,-0.0,-0.0,-0.0,0.0015
2012-08-31,-0.0143,0.015,0.02,0.0,0.0,-0.0,0.0,0.0,0.0,-0.00098,0.0,-0.0024,0.0,-0.0,-0.0017,0.0,-0.00743,0.00093,0.0,0.0,0.0,0.0,0.0,-0.0,0.00017,0.00411,-0.00484,-0.0,-0.00338,0.0,0.0,-0.0,0.0,0.00117
2012-09-28,0.0253,0.0252,0.02,0.0,0.0,-0.0,0.0,0.0,0.0,0.00086,0.0,0.00088,0.0,0.0,0.00219,0.0,0.0021,0.00253,-0.0,-0.0,-0.0,-0.0,-0.0,0.0,0.00415,0.00323,0.00168,-0.0,0.00289,0.0,0.0,-0.0,0.0,0.00475
2012-10-31,-0.0115,-0.0169,-0.02,-0.0,-0.0,0.0,0.0,0.0,-0.0,-0.00153,0.0,-0.0003,-0.0,-0.0,0.00277,0.0,-0.00198,-0.0054,-0.0,-0.0,-0.0,0.0,-0.0,-0.0,8.0e-5,0.00064,0.00163,0.0,-0.00708,0.0,0.0,0.0,-0.0,-0.00031
2012-11-30,-0.0033,0.0129,0.0,-0.0,0.0,0.0,0.0,0.0,0.0,0.00337,-0.0,-0.00216,0.0,0.0,-0.00068,-0.0,0.00268,0.00116,0.0,-0.0,0.0,-0.0,0.0,-0.0,0.00149,0.00085,-0.00598,0.0,-0.00133,0.0,-0.0,0.0,0.0,-0.0027
2012-12-31,-0.0121,0.0119,0.01,-0.0,-0.0,0.0,0.0,0.0,0.0,-0.00365,0.0,0.00135,0.0,0.0,0.00053,0.0,-0.0044,0.00134,0.0,0.0,0.0,0.0,0.0,0.0,0.00024,-0.00278,-0.0017,0.0,-0.00123,-0.0,0.0,0.0,-0.0,-0.0018
2013-01-31,0.0417,0.0456,0.05,-0.00768,0.00187,-0.00119,-0.0006,0.00793,0.00573,0.0,1.0e-5,0.00037,0.00558,0.00307,0.00063,0.0025,4.0e-5,0.0,0.00294,0.00157,0.00064,-0.00217,0.0,0.01043,0.00161,0.0,0.0,0.00051,0.00079,0.00158,0.00042,0.00207,0.0022,0.00089
2013-02-28,0.005,0.0116,0.01,-0.00134,-0.00015,0.00286,-0.00017,0.00081,-0.00358,0.0,0.00076,0.00038,0.00089,0.00253,0.00044,0.00129,6.0e-5,0.0,0.00144,0.0012,0.00015,0.00106,0.00088,-0.00461,5.0e-5,0.0,0.0,-4.0e-5,0.00056,0.00134,-0.00075,0.00138,-0.00252,4.0e-5
2013-03-28,0.0227,0.0287,0.04,0.00015,0.00027,0.00701,0.00204,0.00435,-0.00342,0.0,0.00269,0.00033,0.00275,-0.00021,0.00082,-0.00097,7.0e-5,0.0,0.00079,0.00164,0.00113,0.00393,0.0003,-0.00276,0.0009,0.0,0.0,-7.0e-5,0.00038,-0.00271,0.00174,0.00108,0.00038,0.00014
2013-04-30,0.0474,0.0378,0.02,1.0e-5,-0.00153,0.0039,0.00026,0.00207,-0.0012,0.0,0.00042,0.00051,0.00722,-0.00179,0.00052,0.00127,7.0e-5,0.0,-0.00053,0.00891,0.00105,0.00461,0.00166,0.00952,0.00012,0.0,0.0,0.00471,0.00058,0.00512,0.00111,-2.0e-5,-0.00089,-0.00028
2013-05-31,0.0344,0.0148,0.02,0.0012,0.00195,0.00533,0.00264,0.00264,0.00078,-0.0,0.00186,-0.0007,0.00026,0.00231,-5.0e-5,0.0037,-8.0e-5,-0.0,0.00209,0.00348,-0.00037,0.00554,0.00127,0.00216,-0.00091,-0.0,-0.0,-0.00225,-0.00115,-0.00103,0.00105,0.00022,0.00189,0.00053
2013-06-28,-0.0182,-0.0097,-0.01,-0.00631,0.00101,0.00208,-0.00139,-0.0041,-0.00226,-0.0,-0.00099,0.00012,8.0e-5,0.00013,0.00023,-0.00107,1.0e-5,0.0,-0.0003,-0.00058,0.00044,0.00029,-0.00067,-0.00164,0.00047,0.0,0.0,-0.00196,0.00021,-0.00085,0.00117,0.00019,-0.00245,-3.0e-5
2013-07-31,0.0422,0.0399,0.05,0.00753,0.00272,0.00156,0.00326,0.00542,0.00072,0.0,0.00605,0.00037,0.00161,0.00254,0.00102,0.00204,-0.0,-0.0,0.00262,-0.00444,-0.00016,0.00646,0.00064,-0.00014,0.00086,0.0,0.0,0.00052,0.00016,-0.00213,0.00263,0.0001,-0.00065,0.00085
2013-08-30,-0.0166,-0.0247,-0.03,0.00444,-0.00216,-0.0004,-0.00079,-0.00392,-0.00026,-0.0,0.00161,-0.00014,-0.00401,-0.00252,-0.00079,-0.00303,-7.0e-5,-0.0,-0.00097,0.00319,2.0e-5,0.00051,0.00061,-0.00065,-0.00058,-0.0,-0.0,-0.00318,-0.00071,-0.00115,-0.00036,-0.00019,0.00034,-0.00143
2013-09-30,0.041,0.0345,0.03,-0.00114,0.00362,0.00787,-0.00053,0.00219,0.00061,0.0,0.00351,0.00068,0.00409,0.00203,4.0e-5,0.00075,-0.0,0.0,0.00182,-0.0002,0.00211,0.00187,0.00124,0.00464,0.0003,-0.0,-0.0,0.00068,-1.0e-5,0.00113,5.0e-5,0.00186,0.00213,-0.00029
2013-10-31,0.0647,0.0555,0.04,0.00514,0.00528,0.00666,0.0003,0.00618,0.00039,0.0,0.0047,0.00017,0.00432,0.0047,0.00079,0.00014,6.0e-5,0.0,0.00191,0.00362,0.00058,0.00743,-0.00054,0.00186,0.00113,0.0,0.0,0.00163,0.00146,0.00398,-0.00109,0.00207,0.00085,0.00094
2013-11-29,0.0339,0.0355,0.03,0.00371,0.00261,0.00195,0.00319,0.00067,0.00087,0.0,-0.00052,0.00015,0.00193,0.00099,0.00034,0.00358,3.0e-5,0.0,0.00233,0.00481,0.0006,0.00311,0.00074,-0.0008,0.00069,0.0,-0.0,-0.00087,-0.00048,-0.00172,0.00213,0.00133,0.00134,0.00113
2013-12-31,0.0224,0.0154,0.02,0.00047,0.00042,0.001,-0.00037,0.00251,0.00429,-0.0,-0.00214,4.0e-5,0.00647,0.00298,-0.00037,0.00072,4.0e-5,-0.0,0.00179,-0.00107,-4.0e-5,0.00099,0.00061,0.00056,-0.00057,-0.0,0.0,0.00059,-2.0e-5,-0.00076,0.00035,0.00073,0.00137,0.00186
2014-01-31,-0.0399,-0.038,-0.04,-0.00068,-0.00097,-0.00443,0.00324,-0.00437,0.00318,-0.0,-0.00524,0.0,-0.00472,-0.00881,-0.0,-0.00376,-0.0,-0.0,-0.00597,0.00038,-0.00174,0.00046,-0.00048,-0.00563,-0.00011,-0.0,0.0,0.00058,-0.0,-0.00069,-0.0,-0.00139,0.00134,-6.0e-5
2014-02-28,0.0514,0.0446,0.04,0.00036,9.0e-5,0.00189,-0.00056,0.00126,0.00254,0.0,0.00224,0.0,0.01075,0.0019,0.0,0.00212,0.0,0.0,0.004,0.00066,0.00185,0.00297,0.00423,0.00727,0.00091,0.0,0.0,0.00163,-0.0,0.00156,0.0,0.00019,0.00349,4.0e-5
2014-03-31,0.0189,0.0226,0.01,0.00013,-0.00068,-0.00143,0.00176,0.00328,0.00193,0.0,0.00376,0.0,-0.00087,0.0014,0.0,0.00549,0.0,0.0,0.00048,0.00232,-0.00134,0.0011,-0.00061,-0.00038,0.0,0.0,0.0,0.00055,0.0,0.00248,0.0,0.00025,-0.00075,1.0e-5
2014-04-30,-0.0001,0.0078,0.01,0.00063,-0.00092,0.00151,-0.00513,-0.00371,0.0052,0.0,0.00366,0.0,-0.00087,0.00329,0.0,-0.00575,0.0,0.0,0.00175,-0.00048,-0.00029,-0.00085,0.00075,0.00034,-0.00037,0.0,0.0,0.00183,0.0,9.0e-5,-0.0,0.00017,-0.001,3.0e-5
2014-05-30,0.0208,0.0149,0.02,0.00049,0.00027,0.0029,0.0,0.00112,-0.00235,0.0,0.00553,-0.0,0.0056,-0.00032,0.0,-0.00059,0.0,0.0,0.00215,0.00067,0.00136,0.00034,0.0008,0.00293,-0.00062,-0.0,-0.0,0.00093,-0.0,0.00053,0.0,0.00091,-0.00188,-1.0e-5
2014-06-30,0.021,0.0162,0.02,0.00017,0.00038,-0.00319,0.00068,0.00472,0.00491,-0.0,0.00471,0.0,0.00196,-0.00092,0.0,0.00296,0.0,-0.0,0.00034,0.00061,0.0002,-0.00089,-0.00058,0.00261,2.0e-5,-0.0,0.0,-4.0e-5,-0.0,0.00093,0.0,-0.00017,0.00157,0.0
2014-07-31,-0.0226,-0.0248,-0.02,0.00018,-0.00035,-0.00285,-0.00033,-0.00402,-0.00518,-0.0,-0.0019,-0.0,0.00016,-0.00366,-0.0,0.00063,-0.0,-0.0,-0.00114,0.00116,-0.00013,0.00172,-0.00135,-0.00341,-0.00034,-0.0,-0.0,0.00038,0.0,-0.00096,-0.0,-0.0008,-0.00034,-1.0e-5
2014-08-29,0.0459,0.0422,0.04,0.00049,0.0008,0.00315,0.00236,0.00787,0.00644,0.0,-0.00101,0.0,0.00443,0.00281,0.0,0.00248,0.0,-0.0,0.00195,0.00196,0.00051,0.00213,0.00279,0.00438,0.00034,0.0,0.0,0.00061,-0.0,0.00108,0.0,0.00014,0.00017,1.0e-5
2014-09-30,-0.014,-0.0064,-0.02,-0.00011,-0.00047,0.00025,0.00269,-0.00058,-0.00718,0.0,-0.00376,-0.0,-0.0009,-0.00046,0.0,0.00107,0.0,0.0,-0.00112,0.00068,0.00321,0.00201,-0.00123,-0.0047,9.0e-5,0.0,-0.0,-0.00108,0.0,-0.00083,-0.0,0.00015,-0.00171,-4.0e-5
2014-10-31,0.019,0.0268,0.02,0.00045,-0.00051,-0.00104,0.00028,0.00337,0.00243,0.0,-0.00309,0.0,0.00251,0.00063,0.0,0.00085,-0.0,-0.0,0.00592,0.00042,0.001,0.00265,0.00142,-0.00534,0.00018,0.0,0.0,0.00294,0.0,0.0021,0.0,0.001,0.00085,2.0e-5
2014-11-28,0.0149,0.0301,0.02,0.00067,0.00104,0.00438,-0.0003,0.00456,-0.00062,0.0,-0.00548,0.0,0.00118,0.00224,0.0,-0.00042,0.0,0.0,0.00324,0.00082,0.00161,0.0015,0.00186,-0.00732,0.00068,0.0,0.0,0.00053,0.0,0.00151,0.0,0.0008,0.00249,-4.0e-5
2014-12-31,0.0032,-0.0058,0.0,-0.00045,-0.0008,-0.00175,0.00226,0.0001,-0.00703,-0.0,0.00294,0.0,0.00291,-0.00318,-0.0,0.00323,-0.0,-0.0,0.00183,-0.00094,-0.00068,0.00259,-0.00105,0.00408,0.0,0.0,0.0,0.00024,-0.0,-0.00107,0.0,0.00017,-0.00019,1.0e-5
2015-01-30,-0.0598,-0.0174,-0.03,0.0,0.0,0.0,-0.01532,-0.00477,-0.01186,-0.0,-0.0088,-0.0,-0.00343,-0.00546,-0.0,-0.01246,-0.0,-0.0,-0.0,-0.0,-0.0,0.0,-0.00421,-0.00076,0.0,-0.0,0.0,0.0,-0.0,0.0,0.0,-0.0,0.00727,-0.0
2015-02-27,0.0892,0.0571,0.05,0.0,0.0,0.0,0.00436,0.00908,0.00366,0.0,0.00468,-0.0,0.01442,0.00975,0.0,0.01269,0.0,0.0,0.0,0.0,0.0,0.0,0.01531,-0.00265,0.0,0.0,-0.0,-0.0,0.0,0.0,0.0,0.0,0.01786,0.0
2015-03-31,-0.0251,-0.0224,-0.02,-0.0,-0.0,-0.0,-0.00234,-0.00092,-0.00346,-0.0,-0.00451,-0.0,0.00078,-0.00454,-0.0,-0.00114,-0.0,-0.0,-0.0,-0.0,0.0,-0.0,-0.00515,-0.00534,0.0,-0.0,-0.0,0.0,-0.0,-0.0,0.0,-0.0,0.00157,-0.0
2015-04-30,0.0566,0.0231,0.01,0.0,0.0,-0.0,0.00351,-0.00052,0.00943,-0.0,0.00909,0.0,0.00365,0.00915,-0.0,0.00508,0.0,-0.0,-0.0,0.0,-0.0,-0.0,0.00607,0.00973,-0.0,-0.0,0.0,-0.0,0.0,0.0,-0.0,0.0,0.00145,0.0
2015-05-29,0.0064,0.0085,0.01,0.0,0.0,-0.0,0.00358,0.00051,-0.0018,-0.0,-0.00517,-0.0,0.00152,0.0007,0.0,0.00398,0.0,0.0,0.0,-0.0,0.0,0.0,0.00015,-0.00238,0.0,-0.0,-0.0,0.0,-0.0,-0.0,0.0,-0.0,0.00527,-0.0
2015-06-30,-0.0162,-0.0171,-0.02,-0.0,0.0,-0.0,0.00345,-0.00482,-0.00059,-0.0,-0.00356,-0.0,0.00342,-0.00172,-0.0,0.00301,-0.0,-0.0,-0.0,-0.0,0.0,-0.0,-0.00913,0.00042,-0.0,-0.0,-0.0,-0.0,0.0,-0.0,0.0,-0.0,-0.00667,-0.0
2015-07-31,-0.0173,0.0223,0.02,-0.0,0.0,0.0,0.00505,-0.00279,-0.00639,0.0,-0.01682,0.0,0.00571,-0.00177,0.0,0.00179,0.0,0.0,-0.0,0.0,0.0,0.0,-0.0008,-0.00973,0.0,-0.0,0.0,0.0,-0.0,-0.0,-0.0,0.0,0.00845,-0.0
2015-08-31,-0.0295,-0.0458,-0.06,-0.0,-0.0,-0.0,-0.00861,-0.00942,-0.00279,-0.0,-0.00236,-0.0,-0.0151,-0.0049,-0.0,-0.00646,-0.0,-0.0,-0.0,-0.0,-0.0,-0.0,0.01317,0.004,-0.0,-0.0,-0.0,-0.0,-0.0,-0.0,-0.0,-0.0,0.00297,-0.0
2015-09-30,-0.0284,-0.0006,-0.03,-0.0,-0.0,0.0,-0.00435,-0.00165,-0.0145,0.0,-0.00242,0.0,0.00031,0.00254,-0.0,-0.00488,0.0,0.0,-0.0,0.0,0.0,0.0,0.00965,-0.00837,-0.0,0.0,0.0,0.0,-0.0,0.0,0.0,0.0,-0.00472,-0.0
2015-10-30,0.1198,0.0968,0.08,0.0,0.0,0.0,0.0077,0.01832,0.01285,0.0,0.01278,0.0,0.01129,0.01467,0.0,0.0061,0.0,0.0,0.0,0.0,0.0,0.0,0.01509,0.01268,0.0,0.0,0.0,0.0,0.0,0.0,0.0,0.0,0.00827,0.0
2015-11-30,0.0352,0.0105,0.0,-0.0,0.0,-0.0,0.00387,0.00334,-0.00047,-0.0,0.00131,-0.0,-0.00024,0.00353,0.0,0.00378,0.0,0.0,0.0,0.0,0.0,-0.0,0.01221,0.00141,-0.0,-0.0,-0.0,-0.0,0.0,0.0,-0.0,0.0,0.00641,-0.0
2015-12-31,-0.0451,-0.0139,-0.02,-0.0,0.0,-0.0,-0.00316,-0.00578,-0.00646,0.0,-0.01362,0.0,-0.00677,0.00481,0.0,-0.00097,0.0,0.0,-0.0,0.0,-0.0,0.0,0.00391,-0.00956,-0.0,0.0,0.0,0.0,0.0,-0.0,0.0,-0.0,-0.0075,-0.0
2016-01-29,0.0265,-0.0376,-0.05,-0.0,-0.0,-0.0,-0.0,-0.0,-0.0,0.00194,-0.0,0.0067,-0.0,-0.0,0.00167,-0.0,-9.0e-5,0.00477,0.0,-0.0,-0.00078,-0.0,-0.0,0.0,-0.0,0.00371,0.00455,-0.0,0.00619,-0.0,-0.00211,-0.0,-0.0,-0.0
2016-02-29,-0.0055,0.0009,0.0,-0.0,-0.0,-0.0,-0.0,-0.0,0.0,-0.0028,-0.0,-0.00312,-0.0,0.0,0.00146,-0.0,0.00049,-0.0046,0.0,-0.0,-0.00068,0.0,0.0,0.0,-0.0,-0.00171,-0.0004,0.0,0.00247,0.0,0.00342,0.0,0.0,0.0
2016-03-31,0.0591,0.0737,0.07,0.0,0.0,0.0,0.0,0.0,0.0,0.00763,0.0,0.00844,0.0,0.0,0.00284,0.0,0.00837,0.00724,0.0,0.0,6.0e-5,0.0,0.0,0.0,-0.0,0.00252,0.00737,0.0,0.00601,0.0,0.00865,0.0,0.0,0.0
2016-04-29,-0.0097,0.015,0.0,-0.0,0.0,0.0,0.0,0.0,0.0,0.00093,0.0,-0.00486,0.0,-0.0,0.00359,0.0,-0.00343,0.00064,0.0,-0.0,-0.00412,0.0,-0.0,0.0,0.0,-0.00185,-0.00315,-0.0,0.00033,-0.0,0.00216,-0.0,0.0,0.0
2016-05-31,-0.0053,0.0174,0.02,0.0,0.0,-0.0,0.0,0.0,-0.0,-0.00072,-0.0,0.00109,-0.0,-0.0,0.00126,0.0,-0.00045,-0.0035,0.0,0.0,-0.00631,0.0,0.0,-0.0,0.0,0.00115,-0.0002,-0.0,0.00085,0.0,0.00151,-0.0,0.0,0.0
2016-06-30,0.0519,0.0253,0.0,-0.0,-0.0,0.0,-0.0,-0.0,0.0,0.00396,-0.0,0.00883,-0.0,0.0,0.00764,-0.0,0.00242,-0.00068,0.0,-0.0,0.00025,0.0,0.0,0.0,0.0,0.00448,0.00847,0.0,0.01037,0.0,0.0061,0.0,0.0,0.0
2016-07-29,0.0045,0.0285,0.04,0.0,0.0,0.0,0.0,0.0,0.0,0.00221,-0.0,0.00012,-0.0,-0.0,0.00324,0.0,-0.00375,-0.00224,0.0,0.0,0.00054,-0.0,0.0,-0.0,0.0,0.00188,-0.00024,0.0,0.0013,0.0,0.00142,0.0,0.0,-0.0
2016-08-31,-0.0173,0.0003,0.0,0.0,0.0,-0.0,0.0,0.0,-0.0,-0.00012,0.0,-0.00405,-0.0,0.0,-0.00406,0.0,-0.00046,-0.00094,0.0,0.0,0.00386,-0.0,0.0,0.0,-0.0,0.00201,-0.00301,-0.0,-0.00557,0.0,-0.00499,0.0,-0.0,-0.0
2016-09-30,-0.0061,0.0061,0.0,0.0,0.0,0.0,-0.0,-0.0,0.0,-0.00027,0.0,0.00015,-0.0,-0.0,-0.00101,-0.0,-0.00175,-0.00026,-0.0,0.0,-0.00838,0.0,0.0,-0.0,-0.0,0.00279,-6.0e-5,-0.0,-0.00066,0.0,0.00336,0.0,-0.0,0.0
2016-10-31,-0.02,-0.0103,-0.02,0.0,-0.0,0.0,0.0,-0.0,-0.0,-0.00322,0.0,0.00125,-0.0,-0.0,-0.00181,0.0,0.00019,-0.00242,-0.0,0.0,-0.00469,0.0,0.0,-0.0,-0.0,-0.00254,0.00053,-0.0,-0.00822,0.0,0.00095,-0.0,-0.0,-0.0
2016-11-30,-0.0067,0.0475,0.03,-0.0,-0.0,0.0,0.0,0.0,0.0,-0.00859,0.0,-0.00161,0.0,0.0,-0.00335,0.0,-0.00401,0.00679,0.0,0.0,-0.00022,0.0,0.0,-0.0,0.0,-0.005,-0.00812,-0.0,0.005,-0.0,0.01246,0.0,0.0,0.0
2016-12-30,0.0332,0.0267,0.02,0.0,-0.0,0.0,0.0,0.0,-0.0,0.00032,0.0,0.0045,0.0,0.0,0.00351,0.0,0.00275,0.00205,0.0,0.0,0.00188,-0.0,0.0,0.0,0.0,0.00196,0.00506,-0.0,0.0101,-0.0,0.00109,-0.0,-0.0,0.0
2017-01-31,0.0176,0.0086,0.02,0.00477,0.00982,0.0,0.00244,-0.00172,0.00398,-0.0,-0.00275,-0.0,0.00617,-0.00601,-0.0,-0.00137,0.0,0.0,-0.0,0.0,0.0,-0.0,0.00229,-0.0,-0.0,0.0,0.0,0.0,0.0,0.0,0.0,-0.0,0.0,-0.0
2017-02-28,0.0286,0.0319,0.04,0.01336,0.00262,0.0,0.00901,0.0036,0.00105,0.0,-0.0019,0.0,-0.00051,0.00118,0.0,0.00708,0.0,0.0,0.0,-0.0,0.0,0.0,-0.00692,-0.0,0.0,0.0,0.0,0.0,-0.0,0.0,0.0,-0.0,-0.0,-0.0
2017-03-31,0.0133,0.0038,0.0,0.00487,0.00491,-0.0,-0.00411,-0.00037,-0.00403,0.0,0.00484,0.0,0.003,-3.0e-5,0.0,-0.00307,0.0,0.0,0.0,0.0,-0.0,-0.0,0.00734,-0.0,0.0,-0.0,-0.0,-0.0,-0.0,0.0,-0.0,0.0,-0.0,0.0
2017-04-28,0.0053,0.0067,0.01,-1.0e-5,0.00434,0.0,-0.00106,0.00028,0.01107,-0.0,-0.00393,-0.0,0.00195,-0.00272,-0.0,-0.00039,0.0,0.0,0.0,0.0,-0.0,0.0,-0.00425,-0.0,-0.0,-0.0,0.0,-0.0,-0.0,0.0,0.0,0.0,0.0,-0.0
2017-05-31,0.0348,0.0233,0.01,0.00678,0.00753,0.0,-0.00366,0.00642,0.0031,0.0,-0.00617,0.0,-0.00663,-0.00555,0.0,-0.00557,0.0,0.0,0.0,0.0,-0.0,0.0,0.03853,-0.0,-0.0,0.0,0.0,-0.0,-0.0,0.0,0.0,-0.0,0.0,-0.0
2017-06-30,0.0133,0.0141,0.0,-0.00572,-0.00268,0.0,0.00826,0.00383,0.00193,-0.0,-0.00163,-0.0,-0.00157,-0.00047,0.0,0.01126,-0.0,0.0,0.0,-0.0,0.0,-0.0,0.00015,0.0,0.0,-0.0,-0.0,0.0,-0.0,0.0,0.0,0.0,0.0,0.0
2017-07-31,0.0287,0.0228,0.02,0.00327,0.00204,0.0,-0.00058,0.00098,0.00677,-0.0,0.00381,0.0,0.0042,-0.00518,0.0,0.00098,0.0,0.0,-0.0,0.0,0.0,0.0,0.01242,0.0,-0.0,0.0,0.0,-0.0,0.0,0.0,0.0,-0.0,-0.0,-0.0
2017-08-31,-0.0011,0.0027,0.0,0.01069,-0.00073,-0.0,-0.00046,-0.00118,0.00311,-0.0,-0.00377,0.0,-0.00794,-0.00414,0.0,-0.00099,-0.0,0.0,0.0,0.0,-0.0,0.0,0.00435,-0.0,0.0,0.0,0.0,0.0,-0.0,0.0,0.0,0.0,-0.0,-0.0
2017-09-29,0.033,0.0238,0.02,-0.00602,-0.00196,0.0,0.00607,0.0067,0.00615,0.0,0.01464,-0.0,-0.0026,-0.00053,-0.0,0.00508,-0.0,-0.0,0.0,-0.0,-0.0,0.0,0.00551,0.0,0.0,-0.0,0.0,0.0,0.0,0.0,-0.0,0.0,-0.0,0.0
2017-10-31,0.0545,0.0356,0.02,0.00968,0.01497,0.0,0.00809,0.00531,0.00952,-0.0,0.00273,0.0,-0.00077,-0.01663,0.0,0.00593,0.0,0.0,0.0,0.0,0.0,0.0,0.01568,0.0,-0.0,-0.0,0.0,-0.0,-0.0,0.0,0.0,-0.0,0.0,0.0
2017-11-30,0.0205,0.0333,0.03,0.00204,0.00647,0.0,0.00329,0.00645,0.00394,0.0,-0.00053,0.0,0.00717,-0.00928,0.0,0.00389,0.0,0.0,0.0,0.0,0.0,0.0,-0.00288,0.0,0.0,0.0,-0.0,0.0,0.0,-0.0,0.0,0.0,0.0,0.0
2017-12-29,0.0233,0.0146,0.01,-0.00152,-0.00062,0.0,0.00479,0.003,0.01164,0.0,0.00788,-0.0,0.00337,-0.00394,0.0,0.00232,0.0,0.0,-0.0,0.0,0.0,0.0,-0.00359,0.0,-0.0,0.0,-0.0,0.0,0.0,0.0,-0.0,-0.0,0.0,0.0
2018-01-31,0.1087,0.0509,0.06,-0.00106,0.02406,0.02016,0.0084,0.00936,0.00379,-0.0,0.00714,-0.0,0.00108,-0.0,-0.0,0.00869,0.0,-0.0,0.0,0.0,0.0,0.0,0.02703,0.0,0.0,-0.0,-0.0,-0.0,-0.0,0.0,0.0,0.0,0.0,0.0
2018-02-28,-0.0071,-0.0456,-0.04,0.00676,0.00424,0.00269,0.00031,-0.0022,-0.00501,-0.0,-0.00717,-0.0,-0.00507,-0.0,-0.0,-0.00015,-0.0,-0.0,-0.0,-0.0,-0.0,0.0,-0.00148,-0.0,-0.0,-0.0,-0.0,-0.0,-0.0,-0.0,-0.0,-0.0,-0.0,-0.0
2018-03-29,-0.0339,-0.0194,-0.03,-0.00581,-0.0043,-0.00948,-0.0062,-0.00088,-0.00469,0.0,0.00917,-0.0,-0.00264,-0.0,-0.0,-0.00479,0.0,-0.0,-0.0,-0.0,-0.0,0.0,-0.0043,0.0,-0.0,0.0,0.0,0.0,-0.0,0.0,-0.0,0.0,-0.0,-0.0
2018-04-30,0.0099,0.0054,0.0,-0.0015,0.00821,0.00173,-0.00023,-0.00373,-0.00152,-0.0,0.01047,-0.0,-0.00011,0.0,-0.0,-0.00057,-0.0,0.0,-0.0,0.0,0.0,-0.0,-0.00289,0.0,0.0,-0.0,0.0,0.0,-0.0,-0.0,0.0,0.0,-0.0,0.0
2018-05-31,0.0418,0.0252,0.02,0.01352,0.00405,0.00609,-0.00254,0.00244,0.00523,-0.0,0.00332,-0.0,-0.00086,0.0,-0.0,-0.00163,-0.0,-0.0,0.0,0.0,0.0,0.0,0.0122,0.0,-0.0,0.0,-0.0,0.0,-0.0,0.0,0.0,0.0,0.0,0.0
2018-06-29,-0.021,0.0014,0.0,-0.00094,0.00431,-0.00473,-0.00293,-0.00605,-0.01069,0.0,0.00331,0.0,0.00537,-0.0,0.0,-0.00263,0.0,-0.0,-0.0,-0.0,0.0,-0.0,-0.00606,0.0,0.0,0.0,0.0,0.0,-0.0,-0.0,0.0,-0.0,0.0,0.0
2018-07-31,0.0579,0.0425,0.04,0.0028,0.00457,0.0062,0.00954,0.00075,0.00663,0.0,0.00407,0.0,0.00915,0.0,0.0,0.01085,0.0,0.0,0.0,0.0,-0.0,-0.0,0.00336,0.0,0.0,0.0,0.0,0.0,0.0,0.0,0.0,0.0,-0.0,-0.0
2018-08-31,0.0367,0.0182,0.03,0.02001,0.01324,-0.00331,0.00016,-0.00471,-0.00344,-0.0,0.00175,-0.0,-0.00136,-0.0,0.0,-0.00032,-0.0,0.0,-0.0,0.0,0.0,-0.0,0.01469,-0.0,0.0,0.0,-0.0,0.0,-0.0,0.0,0.0,0.0,-0.0,-0.0
2018-09-28,0.0202,0.0144,0.0,-0.00083,-0.00048,0.00849,-0.00427,-0.00096,0.00982,0.0,0.00541,0.0,0.00439,-0.0,0.0,-0.00152,0.0,0.0,-0.0,0.0,0.0,0.0,0.00012,0.0,0.0,0.0,-0.0,-0.0,0.0,0.0,-0.0,-0.0,0.0,0.0
2018-10-31,-0.1058,-0.0686,-0.07,-0.00305,-0.02022,-0.00458,-0.00665,-0.01271,-0.01988,-0.0,-0.0093,0.0,-0.0018,-0.0,0.0,-0.00268,0.0,0.0,-0.0,-0.0,-0.0,-0.0,-0.02498,-0.0,-0.0,0.0,0.0,0.0,-0.0,-0.0,-0.0,-0.0,-0.0,-0.0
2018-11-30,-0.0201,0.016,0.02,-0.01807,0.00577,-0.0018,0.00327,0.00403,0.01183,0.0,-0.00532,0.0,0.00057,-0.0,0.0,0.00199,0.0,0.0,0.0,0.0,0.0,-0.0,-0.02241,0.0,0.0,0.0,0.0,0.0,0.0,-0.0,0.0,0.0,0.0,0.0
2018-12-31,-0.0969,-0.0799,-0.09,-0.01167,-0.01114,-0.007,-0.01271,-0.00749,-0.00634,-0.0,-0.00579,-0.0,-0.00429,0.0,-0.0,-0.0122,-0.0,-0.0,-0.0,-0.0,-0.0,-0.0,-0.01831,-0.0,-0.0,-0.0,-0.0,-0.0,-0.0,-0.0,-0.0,-0.0,-0.0,-0.0
2019-01-31,0.0803,0.0764,0.08,0.0,0.0,0.0,0.0,0.0,0.0,0.0,0.0,-0.00171,0.0,0.03421,0.00312,0.0,0.00165,0.00068,0.0,0.0,0.01044,0.0,0.0,0.0,-0.0,0.00573,0.01066,0.00841,0.00711,0.0,0.0,0.0,0.0,0.0
2019-02-28,0.0285,0.0336,0.03,0.0,-0.0,0.0,0.0,0.0,0.0,0.0,0.0,0.00679,0.0,0.00617,0.00335,0.0,-0.0058,0.00348,0.0,0.0,0.0047,0.0,0.0,-0.0,0.0,0.00216,0.00348,0.0006,0.00353,0.0,-0.0,0.0,0.0,0.0
2019-03-29,0.019,0.0141,0.02,0.0,0.0,-0.0,-0.0,-0.0,-0.0,0.0,-0.0,0.00347,-0.0,-0.00375,0.00231,-0.0,0.00423,0.0033,0.0,0.0,-0.00152,-0.0,0.0,0.0,-0.0,0.00558,0.004,0.00058,0.00077,0.0,0.0,0.0,0.0,0.0
2019-04-30,0.0191,0.0313,0.04,0.0,0.0,-0.0,0.0,0.0,0.0,0.0,-0.0,0.00158,0.0,0.0018,0.00101,0.0,0.00469,0.00404,-0.0,0.0,0.0043,0.0,0.0,-0.0,-0.0,0.00305,0.00298,-0.00467,0.00035,0.0,-0.0,-0.0,0.0,-0.0
2019-05-31,-0.0363,-0.069,-0.07,-0.0,-0.0,-0.0,-0.0,-0.0,-0.0,-0.0,-0.0,-0.00345,-0.0,-0.00718,-0.00644,-0.0,0.00014,0.00094,-0.0,-0.0,-0.01192,0.0,-0.0,-0.0,0.0,-0.00335,0.00169,-0.0055,-0.00123,-0.0,0.0,-0.0,-0.0,-0.0
2019-06-28,0.0576,0.073,0.07,0.0,0.0,0.0,0.0,0.0,0.0,0.0,0.0,0.00407,0.0,0.01133,0.0062,0.0,0.00446,0.00474,0.0,0.0,0.00883,0.0,0.0,0.0,0.0,0.00655,0.00333,-0.00144,0.00958,0.0,0.0,0.0,0.0,0.0
2019-07-31,0.0111,0.0154,0.01,0.0,-0.0,-0.0,0.0,-0.0,-0.0,0.0,-0.0,-0.00392,0.0,-0.00048,-0.0065,0.0,0.00336,0.00147,0.0,0.0,0.00248,0.0,0.0,0.0,-0.0,0.00833,0.00166,0.00153,0.00313,0.0,0.0,0.0,0.0,-0.0
2019-08-30,-0.0069,-0.0277,-0.02,-0.0,-0.0,0.0,-0.0,-0.0,-0.0,0.0,-0.0,0.0045,-0.0,-0.02105,-0.0007,-0.0,0.00458,0.00399,-0.0,0.0,-0.00152,0.0,-0.0,-0.0,-0.0,0.00186,0.00477,-0.00688,0.00355,0.0,-0.0,0.0,0.0,-0.0
2019-09-30,0.0454,0.0363,0.02,0.0,-0.0,0.0,0.0,0.0,0.0,-0.0,0.0,0.00557,-0.0,0.00848,0.00079,0.0,-0.00036,-0.0015,0.0,0.0,0.01115,0.0,0.0,0.0,0.0,0.00345,0.00602,0.00451,0.00732,0.0,-0.0,0.0,0.0,0.0
2019-10-31,0.0045,0.0163,0.02,0.0,0.0,-0.0,0.0,0.0,0.0,-0.0,-0.0,0.00186,-0.0,0.01163,0.00206,0.0,-2.0e-5,-0.00839,0.0,0.0,-0.00465,-0.0,0.0,-0.0,0.0,0.0007,0.00144,-0.00319,0.00307,0.0,0.0,-0.0,-0.0,-0.0
2019-11-29,0.0183,0.0382,0.03,0.0,0.0,0.0,0.0,0.0,0.0,-0.0,0.0,0.00068,0.0,0.01293,0.00485,0.0,-0.00116,-0.00049,0.0,0.0,0.00467,0.0,0.0,-0.0,0.0,-0.00197,-8.0e-5,0.00175,-0.00288,0.0,0.0,0.0,-0.0,0.0
2019-12-31,0.0277,0.0303,0.03,0.0,0.0,-0.0,0.0,0.0,0.0,0.0,0.0,0.00076,-0.0,-0.00089,0.0061,0.0,0.00365,0.00161,0.0,0.0,0.00836,-0.0,0.0,0.0,0.0,0.00233,0.00276,-0.00149,0.00455,0.0,0.0,-0.0,0.0,0.0
2020-01-31,-0.008,-0.0081,0.0,0.0054,0.00871,-0.0023,-0.00679,0.0049,-0.01036,0.0,-0.0,0.0,-0.0,0.0,0.0,-0.0044,0.0,0.0,-0.0,0.00795,-0.0,0.0,0.00048,-0.0,-0.0,0.0,0.0,-0.0,-0.0,-0.0,-0.0,-0.01157,-0.0,-0.0
2020-02-28,-0.0755,-0.0925,-0.08,-0.01143,-0.00622,-0.01292,-0.01319,-0.0122,-0.00541,-0.0,-0.0,-0.0,-0.0,-0.0,-0.0,-0.01228,-0.0,-0.0,-0.0,-0.00453,-0.0,-0.0,0.0143,-0.0,-0.0,-0.0,-0.0,-0.0,-0.0,-0.0,-0.0,-0.01161,-0.0,-0.0
2020-03-31,-0.1092,-0.1473,-0.13,-0.00698,0.0035,-0.04579,-0.02488,-0.00419,-0.0066,-0.0,-0.0,-0.0,-0.0,-0.0,-0.0,-0.02246,-0.0,-0.0,-0.0,-0.00265,-0.0,-0.0,-0.0024,-0.0,-0.0,-0.0,-0.0,-0.0,-0.0,-0.0,-0.0,0.00324,-0.0,-0.0
2020-04-30,0.0988,0.1164,0.13,0.01554,0.02689,-0.00544,0.01328,0.01411,0.00118,0.0,0.0,0.0,0.0,-0.0,0.0,0.00736,0.0,0.0,0.0,0.01363,0.0,0.0,0.01088,0.0,0.0,0.0,0.0,0.0,0.0,0.0,0.0,0.00133,0.0,0.0
2020-05-29,0.0515,0.017,0.05,0.0085,-0.00128,0.00343,0.00029,0.0053,0.00322,0.0,0.0,0.0,0.0,-0.0,-0.0,0.00162,0.0,0.0,0.0,0.00254,0.0,0.0,0.02147,-0.0,0.0,-0.0,0.0,-0.0,0.0,-0.0,0.0,0.0064,-0.0,-0.0
2020-06-30,0.0878,0.0384,0.02,0.01474,0.01296,0.02568,-0.00079,0.00361,0.0053,0.0,-0.0,-0.0,-0.0,0.0,-0.0,-0.00334,-0.0,-0.0,-0.0,0.01106,-0.0,-0.0,0.00706,0.0,-0.0,0.0,-0.0,0.0,-0.0,0.0,-0.0,0.0115,0.0,-0.0
2020-07-31,0.0783,0.0434,0.06,0.01651,0.01471,-0.0138,0.00476,0.00568,0.00586,0.0,-0.0,-0.0,0.0,-0.0,0.0,0.0037,0.0,0.0,-0.0,0.00074,-0.0,0.0,0.01176,-0.0,0.0,0.0,0.0,-0.0,-0.0,0.0,0.0,0.0284,0.0,-0.0
2020-08-31,0.1086,0.0555,0.07,0.02163,0.00905,0.00875,0.00346,0.00334,0.0071,0.0,0.0,-0.0,0.0,0.0,0.0,0.00367,0.0,0.0,0.0,0.01026,0.0,0.0,0.026,-0.0,-0.0,0.0,-0.0,0.0,0.0,0.0,0.0,0.01532,0.0,-0.0
2020-09-30,-0.0359,-0.0263,-0.04,-0.01025,-0.00876,-0.00382,-0.00571,-0.00455,0.00481,-0.0,-0.0,0.0,-0.0,-0.0,-0.0,-0.00391,0.0,0.0,-0.0,-0.00674,0.0,-0.0,0.0012,-0.0,-0.0,0.0,0.0,-0.0,-0.0,0.0,0.0,0.00184,0.0,-0.0
2020-10-30,-0.0256,-0.0161,-0.03,-0.006,-0.00358,-0.01263,-0.00162,0.00633,0.00599,0.0,-0.0,0.0,-0.0,0.0,-0.0,0.00277,-0.0,-0.0,-0.0,-0.00374,-0.0,-0.0,-0.00736,-0.0,-0.0,-0.0,0.0,-0.0,-0.0,0.0,-0.0,-0.00571,0.0,-0.0
2020-11-30,0.1484,0.1511,0.11,0.00955,0.00434,0.04593,0.01882,0.01655,0.01053,0.0,0.0,-0.0,0.0,0.0,0.0,0.02024,0.0,0.0,0.0,0.00601,0.0,0.0,0.00692,0.0,0.0,0.0,0.0,0.0,0.0,0.0,0.0,0.00953,-0.0,0.0
2020-12-31,0.0404,0.0429,0.04,0.01146,0.00281,0.00159,0.00827,0.00384,0.00486,-0.0,0.0,-0.0,0.0,0.0,0.0,0.0078,0.0,-0.0,0.0,0.0039,0.0,0.0,-0.00256,0.0,-0.0,0.0,0.0,0.0,0.0,0.0,0.0,-0.00156,0.0,0.0
2021-01-29,0.0055,-0.0098,-0.01,-0.00055,-0.00154,-0.0045,-0.00218,-0.00256,0.0,-0.0,8.0e-5,-0.0,-0.00541,-0.0,0.0,0.00106,-0.0,-0.0,2.0e-5,0.0,-0.0,-0.0,-0.00032,0.00812,-0.0,-0.0,-0.0,0.00564,0.0,0.00309,-0.0,-0.00376,0.0,0.00833
2021-02-26,0.1091,0.06,0.03,-0.00795,-0.00349,0.00445,0.01707,-0.00088,5.0e-5,-0.0,0.02468,-0.0,0.00936,0.0,-0.0,0.00776,0.0,-0.0,2.0e-5,0.0,0.0,0.0,0.00362,0.01669,-0.0,-0.0,-0.0,0.01353,-0.0,0.00098,-0.0,0.00117,0.0,0.02201
2021-03-31,0.0363,0.0543,0.04,0.00073,4.0e-5,0.00977,0.01198,0.00835,2.0e-5,0.0,0.00147,0.0,-0.0018,0.0,0.0,0.00186,0.0,0.0,0.00043,0.0,-0.0,0.0,-0.00171,4.0e-5,0.0,0.0,0.0,0.00047,0.0,-0.00155,0.0,0.00364,0.0,0.00255
2021-04-30,0.0494,0.04,0.05,0.00762,0.01192,-0.00389,0.00476,0.0079,-0.0,0.0,-0.00275,0.0,0.00061,-0.0,-0.0,0.00088,0.0,0.0,0.0001,0.0,-0.0,0.0,0.00806,-0.00242,0.0,-0.0,0.0,0.00513,0.0,-0.00035,0.0,0.00942,0.0,0.0024
2021-05-28,0.0265,0.0232,0.01,-0.00504,-0.00696,0.00263,0.00459,0.00643,2.0e-5,0.0,0.00783,-0.0,-0.00299,0.0,0.0,0.00366,0.0,-0.0,0.00016,-0.0,0.0,0.0,0.00533,0.00121,0.0,0.0,-0.0,0.00349,-0.0,0.00014,0.0,0.00273,0.0,0.00332
2021-06-30,0.0496,0.0152,0.02,0.00991,0.00665,-0.00146,-0.00231,0.00021,-3.0e-5,-0.0,0.00737,-0.0,-0.00122,-0.0,-0.0,-0.00286,-0.0,-0.0,-9.0e-5,0.0,0.0,-0.0,0.01501,0.01047,0.0,0.0,-0.0,0.00097,-0.0,0.00075,-0.0,-0.00146,-0.0,0.00766
2021-07-30,-0.038,-0.004,0.02,0.0065,-0.00323,-0.00265,-0.00696,-0.00081,-1.0e-5,-0.0,-0.00576,0.0,0.00011,-0.0,0.0,-0.00099,0.0,0.0,-1.0e-5,0.0,0.0,-0.0,-0.00163,-0.00845,0.0,0.0,0.0,-0.00123,-0.0,-0.00079,0.0,-0.00378,0.0,-0.00829
2021-08-31,0.0392,0.024,0.03,0.00424,0.00425,-0.00149,0.00884,0.00801,1.0e-5,-0.0,-0.00075,0.0,0.00226,0.0,0.0,0.00291,-0.0,-0.0,-4.0e-5,0.0,-0.0,0.0,0.0096,-0.0008,0.0,0.0,0.0,0.00394,-0.0,0.00055,0.0,0.00131,0.0,-0.00359
2021-09-30,-0.002,-0.0302,-0.05,-0.0068,-0.00529,0.0001,0.00218,-0.00972,-3.0e-5,-0.0,0.01755,-0.0,-0.00504,-0.0,-0.0,0.00126,-0.0,0.0,-0.00043,-0.0,-0.0,-0.0,-0.00483,0.00776,-0.0,-0.0,-0.0,-0.00139,-0.0,-0.00156,-0.0,-0.00327,-0.0,0.00748
2021-10-29,0.0883,0.0677,0.07,0.00587,0.00263,-0.00285,0.01256,0.0114,2.0e-5,0.0,0.00843,0.0,-4.0e-5,0.0,0.0,0.00238,0.0,0.0,8.0e-5,0.0,0.0,-0.0,0.01517,0.00682,0.0,0.0,0.0,0.00804,-0.0,0.0005,0.0,0.00815,0.0,0.00912
2021-11-30,-0.0106,-0.0134,-0.01,0.01049,0.00394,-0.00215,-0.00693,-0.00376,-2.0e-5,-0.0,-0.00466,-0.0,-0.01078,-0.0,-0.0,-0.00352,-0.0,0.0,-0.00017,-0.0,0.0,-0.0,0.01802,-0.00591,0.0,0.0,-0.0,0.00269,-0.0,0.00082,-0.0,-0.00312,0.0,-0.00552
2021-12-31,0.016,0.054,0.04,0.00742,-0.00487,0.00085,0.00052,0.00152,2.0e-5,0.0,0.00255,0.0,0.0052,-0.0,0.0,-0.00016,0.0,0.0,0.00019,0.0,-0.0,0.0,-0.00647,-0.00112,0.0,0.0,0.0,0.00353,0.0,0.00084,0.0,0.00381,0.0,0.00214
2022-01-31,0.0005,-0.0108,-0.05,-0.00157,-0.00914,-0.00028,0.00371,-0.01012,-0.0,-0.0,0.01335,0.0,-0.00727,0.0,0.0,-0.00205,0.0,-0.0,-0.0008,-0.0,-0.0,-0.0,-0.01124,0.01919,-0.0,-0.0,0.0,-0.00539,0.0,0.0,-0.0,-0.00484,-0.0,0.01699
2022-02-28,0.0025,-0.0174,-0.03,-0.0054,0.00237,0.00135,-0.0042,-0.00961,-0.0,-0.0,0.00443,-0.0,0.00363,0.0,-0.0,-0.0017,0.0,-0.0,-0.00118,-0.0,-0.0,0.0,-0.00028,0.01031,-0.0,-0.0,-0.0,-0.00449,-0.0,-0.0,0.0,0.00411,-0.0,0.0031
2022-03-31,0.03,0.033,0.04,0.00575,0.00546,-0.00357,-0.00627,0.00338,0.0,-0.0,0.00336,0.0,-0.00719,-0.0,0.0,-0.00143,0.0,0.0,2.0e-5,0.0,-0.0,0.0,0.00799,0.01926,0.0,-0.0,0.0,-0.00217,-0.0,-0.0,0.0,0.00164,0.0,0.00374
2022-04-29,-0.1411,-0.0745,-0.09,-0.00971,-0.02112,-0.01178,-0.01344,-0.01825,-0.0,0.0,-0.00263,-0.0,-0.01759,-0.0,0.0,-0.00434,0.0,0.0,-0.00038,-0.0,-0.0,-0.0,-0.02149,-0.00186,-0.0,0.0,0.0,-0.00706,0.0,-0.0,-0.0,-0.01375,-0.0,0.00227
2022-05-31,0.0374,0.0289,0.0,-0.00544,-0.00291,-0.0062,0.00426,0.00711,0.0,0.0,0.01061,0.0,-0.00101,0.0,0.0,0.004,-0.0,0.0,0.00056,-0.0,-0.0,0.0,0.00045,0.01655,0.0,-0.0,0.0,-0.00194,0.0,0.0,-0.0,0.0018,-0.0,0.0096
2022-06-30,-0.113,-0.0823,-0.08,-0.00814,-0.01035,0.00214,-0.01575,-0.00824,-0.0,0.0,-0.0114,-0.0,-0.01372,-0.0,-0.0,-0.0055,-0.0,-0.0,-0.00164,-0.0,-0.0,0.0,-0.01261,-0.00953,-0.0,-0.0,-0.0,-0.01077,-0.0,-0.0,0.0,0.00014,-0.0,-0.0076
2022-07-29,0.1351,0.0848,0.09,0.01886,0.02406,0.00874,0.00861,0.00987,0.0,-0.0,0.00497,0.0,0.01171,0.0,-0.0,0.00124,0.0,0.0,0.00131,0.0,0.0,0.0,0.0133,0.00748,-0.0,-0.0,0.0,0.0099,-0.0,0.0,0.0,0.00578,0.0,0.00928
2022-08-31,-0.0086,-0.0265,-0.04,-0.00311,-0.00539,0.00031,-0.00059,-0.00042,-0.0,-0.0,0.00751,-0.0,0.00533,-0.0,-0.0,-0.00052,-0.0,-0.0,-0.00149,-0.0,-0.0,0.0,-0.01134,0.00512,-0.0,-0.0,0.0,-0.0042,-0.0,-0.0,-0.0,0.0005,0.0,-0.00033
2022-09-30,-0.1325,-0.1113,-0.09,-0.0121,-0.00966,-0.01293,-0.00949,-0.01669,-0.0,-0.0,-0.00306,-0.0,-0.01497,-0.0,0.0,-0.00301,-0.0,-0.0,-0.00137,-0.0,-0.0,-0.0,-0.01312,-0.0085,-0.0,-0.0,-0.0,-0.00704,-0.0,-0.0,-0.0,-0.01449,-0.0,-0.0061
2022-10-31,0.1403,0.1187,0.08,0.01096,-0.00831,0.00936,0.01934,0.01738,0.0,0.0,0.0136,0.0,0.01223,0.0,0.0,0.00795,0.0,0.0,0.0017,-0.0,0.0,0.0,0.00751,0.01163,0.0,0.0,-0.0,0.01468,0.0,-0.0,0.0,0.0033,0.0,0.01895
2022-11-30,0.0498,0.0656,0.05,-0.00331,-0.00512,0.0135,0.00502,0.01085,0.0,0.0,-0.00096,-0.0,-0.00769,0.0,0.0,0.00363,0.0,0.0,0.00016,0.0,0.0,-0.0,0.01705,-0.00275,0.0,0.0,0.0,0.00657,0.0,0.0,-0.0,0.01197,0.0,0.00091
2022-12-30,0.0,0.0,-0.06,2.564e-321,1.299443832313e-311,0.0,1.299443838056e-311,0.0,1.299443832313e-311,0.0,1.299443837392e-311,1.299443832313e-311,1.299443832313e-311,1.299443832313e-311,1.299443832313e-311,1.299443832313e-311,0.0,0.0,1.299443832313e-311,0.0,1.2994438379926e-311,NaN,0.0,1.299443832313e-311,1.299443832313e-311,4.05e-322,8.8e-322,0.0,1.549056927765e-312,1.29922772145e-311,6.9522122896258e-310,2.69e-321,2.58e-321,2.58e-321
